reference_number,gazetted_names,local_name,waterbody_id,reach_number,site_number,sampling_method,method_number,haul_number_pass_number,species,length_mm,weight_g,sex,maturity,age_structure,age_sample_number,age,genetic_structure,genetic_sample_number,comments
5,Tributary to Missinka River,125180_us_ef1,00000PARS,0,5,electrofishing,,1,Rainbow Trout,80,5.4,,,,,,,,NA. Pit Tag ID: 3DD.003E192AFD. Row ID: 350.
5,Tributary to Missinka River,125180_us_ef1,00000PARS,0,5,electrofishing,,1,Rainbow Trout,76,5.2,,,,,,,,NA. Pit Tag ID: 3DD.003E192AF2. Row ID: 351.
5,Tributary to Missinka River,125180_us_ef1,00000PARS,0,5,electrofishing,,1,Rainbow Trout,87,7.4,,,,,,,,NA. Pit Tag ID: 3DD.003E192AED. Row ID: 352.
5,Tributary to Missinka River,125180_us_ef1,00000PARS,0,5,electrofishing,,1,Rainbow Trout,71,4,,,,,,,,NA. Pit Tag ID: 3DD.003E192ADB. Row ID: 353.
5,Tributary to Missinka River,125180_us_ef1,00000PARS,0,5,electrofishing,,1,Rainbow Trout,87,7.3,,,,,,,,Potentially tagged in 2022. Pit Tag ID: 3DD.003E192AF8. Row ID: 354.
5,Tributary to Missinka River,125180_us_ef1,00000PARS,0,5,electrofishing,,1,Rainbow Trout,84,8,,,,,,,,NA. Pit Tag ID: 3DD.003E192B18. Row ID: 355.
5,Tributary to Missinka River,125180_us_ef1,00000PARS,0,5,electrofishing,,1,Rainbow Trout,79,4.5,,,,,,,,NA. Pit Tag ID: 3DD.003E192B13. Row ID: 356.
5,Tributary to Missinka River,125180_us_ef1,00000PARS,0,5,electrofishing,,1,Rainbow Trout,56,1.7,,,,,,,,
5,Tributary to Missinka River,125180_us_ef1,00000PARS,0,5,electrofishing,,1,Rainbow Trout,82,5.7,,,,,,,,NA. Pit Tag ID: 3DD.003E192ADD. Row ID: 357.
5,Tributary to Missinka River,125180_us_ef1,00000PARS,0,5,electrofishing,,1,Rainbow Trout,81,5.4,,,,,,,,NA. Pit Tag ID: 3DD.003E192AD2. Row ID: 358.
5,Tributary to Missinka River,125180_us_ef1,00000PARS,0,5,electrofishing,,1,Rainbow Trout,95,9,,,,,,,,NA. Pit Tag ID: 3DD.003E192B27. Row ID: 359.
5,Tributary to Missinka River,125180_us_ef1,00000PARS,0,5,electrofishing,,1,Rainbow Trout,50,3,,,,,,,,
5,Tributary to Missinka River,125180_us_ef1,00000PARS,0,5,electrofishing,,1,Rainbow Trout,42,0.5,,,,,,,,
5,Tributary to Missinka River,125180_us_ef1,00000PARS,0,5,electrofishing,,1,Rainbow Trout,43,0.6,,,,,,,,
5,Tributary to Missinka River,125180_us_ef1,00000PARS,0,5,electrofishing,,1,Rainbow Trout,43,0.7,,,,,,,,
5,Tributary to Missinka River,125180_us_ef1,00000PARS,0,5,electrofishing,,1,Rainbow Trout,42,0.7,,,,,,,,
5,Tributary to Missinka River,125180_us_ef1,00000PARS,0,5,electrofishing,,1,Rainbow Trout,78,4.5,,,,,,,,NA. Pit Tag ID: 3DD.003E192B01. Row ID: 360.
5,Tributary to Missinka River,125180_us_ef1,00000PARS,0,5,electrofishing,,1,Rainbow Trout,89,8,,,,,,,,NA. Pit Tag ID: 3DD.003E192B1C. Row ID: 361.
5,Tributary to Missinka River,125180_us_ef1,00000PARS,0,5,electrofishing,,1,Rainbow Trout,91,7.2,,,,,,,,NA. Pit Tag ID: 3DD.003E192ADF. Row ID: 362.
5,Tributary to Missinka River,125180_us_ef1,00000PARS,0,5,electrofishing,,1,Rainbow Trout,92,8,,,,,,,,NA. Pit Tag ID: 3DD.003E192AD7. Row ID: 363.
5,Tributary to Missinka River,125180_us_ef1,00000PARS,0,5,electrofishing,,1,Rainbow Trout,91,8.2,,,,,,,,NA. Pit Tag ID: 3DD.003E192B0C. Row ID: 364.
5,Tributary to Missinka River,125180_us_ef1,00000PARS,0,5,electrofishing,,1,Rainbow Trout,118,20.3,,,,,,,,NA. Pit Tag ID: 3DD.003E192AE5. Row ID: 365.
5,Tributary to Missinka River,125180_us_ef1,00000PARS,0,5,electrofishing,,1,Rainbow Trout,77,4.3,,,,,,,,NA. Pit Tag ID: 3DD.003E192B11. Row ID: 366.
5,Tributary to Missinka River,125180_us_ef1,00000PARS,0,5,electrofishing,,1,Rainbow Trout,89,7.8,,,,,,,,NA. Pit Tag ID: 3DD.003E192B08. Row ID: 367.
6,Tributary to Missinka,125180_ds_ef1,00000PARS,0,6,electrofishing,,1,Rainbow Trout,60,,,,,,,,,
6,Tributary to Missinka,125180_ds_ef1,00000PARS,0,6,electrofishing,,1,Rainbow Trout,95,,,,,,,,,
6,Tributary to Missinka,125180_ds_ef1,00000PARS,0,6,electrofishing,,1,Rainbow Trout,80,,,,,,,,,
6,Tributary to Missinka,125180_ds_ef1,00000PARS,0,6,electrofishing,,1,Rainbow Trout,73,,,,,,,,,
6,Tributary to Missinka,125180_ds_ef1,00000PARS,0,6,electrofishing,,1,Rainbow Trout,50,,,,,,,,,
6,Tributary to Missinka,125180_ds_ef1,00000PARS,0,6,electrofishing,,1,Rainbow Trout,100,,,,,,,,,
6,Tributary to Missinka,125180_ds_ef1,00000PARS,0,6,electrofishing,,1,Rainbow Trout,65,,,,,,,,,
6,Tributary to Missinka,125180_ds_ef1,00000PARS,0,6,electrofishing,,1,Rainbow Trout,89,,,,,,,,,
6,Tributary to Missinka,125180_ds_ef1,00000PARS,0,6,electrofishing,,1,Rainbow Trout,75,,,,,,,,,
6,Tributary to Missinka,125180_ds_ef1,00000PARS,0,6,electrofishing,,1,Rainbow Trout,100,,,,,,,,,
6,Tributary to Missinka,125180_ds_ef1,00000PARS,0,6,electrofishing,,1,Rainbow Trout,48,,,,,,,,,burn or fungus on fish
6,Tributary to Missinka,125180_ds_ef1,00000PARS,0,6,electrofishing,,1,Rainbow Trout,95,,,,,,,,,
6,Tributary to Missinka,125180_ds_ef1,00000PARS,0,6,electrofishing,,1,Rainbow Trout,73,,,,,,,,,
6,Tributary to Missinka,125180_ds_ef1,00000PARS,0,6,electrofishing,,1,Rainbow Trout,89,,,,,,,,,
6,Tributary to Missinka,125180_ds_ef1,00000PARS,0,6,electrofishing,,1,Rainbow Trout,90,,,,,,,,,
6,Tributary to Missinka,125180_ds_ef1,00000PARS,0,6,electrofishing,,1,Rainbow Trout,80,,,,,,,,,
6,Tributary to Missinka,125180_ds_ef1,00000PARS,0,6,electrofishing,,1,Rainbow Trout,47,,,,,,,,,
6,Tributary to Missinka,125180_ds_ef1,00000PARS,0,6,electrofishing,,1,Rainbow Trout,52,,,,,,,,,
6,Tributary to Missinka,125180_ds_ef1,00000PARS,0,6,electrofishing,,1,Rainbow Trout,81,,,,,,,,,
6,Tributary to Missinka,125180_ds_ef1,00000PARS,0,6,electrofishing,,1,Rainbow Trout,96,,,,,,,,,
6,Tributary to Missinka,125180_ds_ef1,00000PARS,0,6,electrofishing,,1,Rainbow Trout,70,,,,,,,,,
6,Tributary to Missinka,125180_ds_ef1,00000PARS,0,6,electrofishing,,1,Rainbow Trout,46,,,,,,,,,
6,Tributary to Missinka,125180_ds_ef1,00000PARS,0,6,electrofishing,,1,Rainbow Trout,130,,,,,,,,,
6,Tributary to Missinka,125180_ds_ef1,00000PARS,0,6,electrofishing,,1,Rainbow Trout,37,,,,,,,,,
6,Tributary to Missinka,125180_ds_ef1,00000PARS,0,6,electrofishing,,1,Rainbow Trout,89,,,,,,,,,"dark mole/dot and purple colouring on gills, odd."
6,Tributary to Missinka,125180_ds_ef1,00000PARS,0,6,electrofishing,,1,Rainbow Trout,135,,,,,,,,,
6,Tributary to Missinka,125180_ds_ef1,00000PARS,0,6,electrofishing,,1,Rainbow Trout,120,,,,,,,,,
6,Tributary to Missinka,125180_ds_ef1,00000PARS,0,6,electrofishing,,1,Rainbow Trout,88,,,,,,,,,
6,Tributary to Missinka,125180_ds_ef1,00000PARS,0,6,electrofishing,,1,Rainbow Trout,54,,,,,,,,,
6,Tributary to Missinka,125180_ds_ef1,00000PARS,0,6,electrofishing,,1,Rainbow Trout,80,,,,,,,,,
6,Tributary to Missinka,125180_ds_ef1,00000PARS,0,6,electrofishing,,1,Rainbow Trout,46,,,,,,,,,
6,Tributary to Missinka,125180_ds_ef1,00000PARS,0,6,electrofishing,,1,Rainbow Trout,70,,,,,,,,,
6,Tributary to Missinka,125180_ds_ef1,00000PARS,0,6,electrofishing,,1,Rainbow Trout,42,,,,,,,,,
6,Tributary to Missinka,125180_ds_ef1,00000PARS,0,6,electrofishing,,1,Rainbow Trout,100,,,,,,,,,
6,Tributary to Missinka,125180_ds_ef1,00000PARS,0,6,electrofishing,,1,Rainbow Trout,96,,,,,,,,,
6,Tributary to Missinka,125180_ds_ef1,00000PARS,0,6,electrofishing,,1,Rainbow Trout,71,,,,,,,,,fish caught in stop net
6,Tributary to Missinka,125180_ds_ef1,00000PARS,0,6,electrofishing,,1,Rainbow Trout,78,,,,,,,,,"over counted fish while sampling, capture location uncertain"
6,Tributary to Missinka,125180_ds_ef1,00000PARS,0,6,electrofishing,,1,Rainbow Trout,51,,,,,,,,,"over counted fish while sampling, capture location uncertain"
6,Tributary to Missinka,125180_ds_ef1,00000PARS,0,6,electrofishing,,1,Rainbow Trout,55,,,,,,,,,"over counted fish while sampling, capture location uncertain"
6,Tributary to Missinka,125180_ds_ef1,00000PARS,0,6,electrofishing,,1,Rainbow Trout,86,,,,,,,,,"over counted fish while sampling, capture location uncertain"
6,Tributary to Missinka,125180_ds_ef1,00000PARS,0,6,electrofishing,,1,Rainbow Trout,82,,,,,,,,,"over counted fish while sampling, capture location uncertain"
6,Tributary to Missinka,125180_ds_ef1,00000PARS,0,6,electrofishing,,1,Rainbow Trout,41,,,,,,,,,"over counted fish while sampling, capture location uncertain"
6,Tributary to Missinka,125180_ds_ef1,00000PARS,0,6,electrofishing,,1,Rainbow Trout,46,,,,,,,,,"over counted fish while sampling, capture location uncertain"
6,Tributary to Missinka,125180_ds_ef1,00000PARS,0,6,electrofishing,,1,Rainbow Trout,37,,,,,,,,,"over counted fish while sampling, capture location uncertain"
7,Tributary to Missinka River,125194_ds_ef1,00000PARS,0,7,electrofishing,,1,,,,,,,,,,,No fish captured
8,Tributary to Missinka River,125179_ds_ef1,00000PARS,0,8,electrofishing,,1,Rainbow Trout,43,0.9,,,,,,,,
8,Tributary to Missinka River,125179_ds_ef1,00000PARS,0,8,electrofishing,,1,Rainbow Trout,143,34.6,,,,,,,,NA. Pit Tag ID: 3DD.003E192B0D. Row ID: 368.
8,Tributary to Missinka River,125179_ds_ef1,00000PARS,0,8,electrofishing,,1,Rainbow Trout,91,7.5,,,,,,,,NA. Pit Tag ID: 3DD.003E192AEE. Row ID: 369.
8,Tributary to Missinka River,125179_ds_ef1,00000PARS,0,8,electrofishing,,1,Rainbow Trout,100,10.4,,,,,,,,NA. Pit Tag ID: 3DD.003E192B16. Row ID: 370.
8,Tributary to Missinka River,125179_ds_ef1,00000PARS,0,8,electrofishing,,1,Rainbow Trout,83,7.1,,,,,,,,NA. Pit Tag ID: 3DD.003E192AFC. Row ID: 371.
8,Tributary to Missinka River,125179_ds_ef1,00000PARS,0,8,electrofishing,,1,Rainbow Trout,83,9.3,,,,,,,,NA. Pit Tag ID: 3DD.003E192AC9. Row ID: 372.
8,Tributary to Missinka River,125179_ds_ef1,00000PARS,0,8,electrofishing,,1,Rainbow Trout,90,9.1,,,,,,,,NA. Pit Tag ID: 3DD.003E192AED. Row ID: 373.
8,Tributary to Missinka River,125179_ds_ef1,00000PARS,0,8,electrofishing,,1,Rainbow Trout,84,6.3,,,,,,,,NA. Pit Tag ID: 3DD.003E192B02. Row ID: 374.
8,Tributary to Missinka River,125179_ds_ef1,00000PARS,0,8,electrofishing,,1,Rainbow Trout,100,9.7,,,,,,,,NA. Pit Tag ID: 3DD.003E192AFF. Row ID: 375.
8,Tributary to Missinka River,125179_ds_ef1,00000PARS,0,8,electrofishing,,1,Rainbow Trout,92,7.7,,,,,,,,NA. Pit Tag ID: 3DD.003E192B03. Row ID: 376.
8,Tributary to Missinka River,125179_ds_ef1,00000PARS,0,8,visual observation above water,,1,Fish Unidentified Species,100,,,,,,,,,fork length estimated
8,Tributary to Missinka River,125179_ds_ef1,00000PARS,0,8,electrofishing,,1,Rainbow Trout,103,12,,,,,,,,NA. Pit Tag ID: 3DD.003E192ACE. Row ID: 377.
8,Tributary to Missinka River,125179_ds_ef1,00000PARS,0,8,electrofishing,,1,Rainbow Trout,89,8,,,,,,,,NA. Pit Tag ID: 3DD.003E192AE4. Row ID: 378.
8,Tributary to Missinka River,125179_ds_ef1,00000PARS,0,8,visual observation above water,,1,Fish Unidentified Species,90,,,,,,,,,fork length estimated
8,Tributary to Missinka River,125179_ds_ef1,00000PARS,0,8,visual observation above water,,1,Fish Unidentified Species,150,,,,,,,,,fork length estimated
8,Tributary to Missinka River,125179_ds_ef1,00000PARS,0,8,electrofishing,,1,Rainbow Trout,102,10,,,,,,,,NA. Pit Tag ID: 3DD.003E192AEA. Row ID: 379.
8,Tributary to Missinka River,125179_ds_ef1,00000PARS,0,8,electrofishing,,1,Rainbow Trout,75,4.8,,,,,,,,NA. Pit Tag ID: 3DD.003E192ACD. Row ID: 380.
8,Tributary to Missinka River,125179_ds_ef1,00000PARS,0,8,electrofishing,,1,Rainbow Trout,44,0.5,,,,,,,,
9,Tributary to Missinka River,125179_us_ef1,00000PARS,0,9,electrofishing,,1,Rainbow Trout,134,28.2,,,,,,,,NA. Pit Tag ID: 3DD.003E192AFE. Row ID: 381.
9,Tributary to Missinka River,125179_us_ef1,00000PARS,0,9,electrofishing,,1,Rainbow Trout,84,6.7,,,,,,,,NA. Pit Tag ID: 3DD.003E192AE6. Row ID: 382.
9,Tributary to Missinka River,125179_us_ef1,00000PARS,0,9,electrofishing,,1,Rainbow Trout,94,9.3,,,,,,,,NA. Pit Tag ID: 3DD.003E192AD3. Row ID: 383.
9,Tributary to Missinka River,125179_us_ef1,00000PARS,0,9,electrofishing,,1,Rainbow Trout,92,7.9,,,,,,,,NA. Pit Tag ID: 3DD.003E192AD8. Row ID: 384.
9,Tributary to Missinka River,125179_us_ef1,00000PARS,0,9,electrofishing,,1,Rainbow Trout,88,7.2,,,,,,,,NA. Pit Tag ID: 3DD.003E192AE0. Row ID: 385.
9,Tributary to Missinka River,125179_us_ef1,00000PARS,0,9,electrofishing,,1,Rainbow Trout,86,8.5,,,,,,,,NA. Pit Tag ID: 3DD.003E192ACA. Row ID: 386.
9,Tributary to Missinka River,125179_us_ef1,00000PARS,0,9,visual observation above water,,1,Fish Unidentified Species,90,,,,,,,,,fork length estimated
9,Tributary to Missinka River,125179_us_ef1,00000PARS,0,9,electrofishing,,1,Rainbow Trout,128,27.2,,,,,,,,NA. Pit Tag ID: 3DD.003E192ACB. Row ID: 387.
9,Tributary to Missinka River,125179_us_ef1,00000PARS,0,9,electrofishing,,1,Rainbow Trout,102,11.1,,,,,,,,NA. Pit Tag ID: 3DD.003E192B07. Row ID: 388.
9,Tributary to Missinka River,125179_us_ef1,00000PARS,0,9,electrofishing,,1,Rainbow Trout,39,0.8,,,,,,,,
9,Tributary to Missinka River,125179_us_ef1,00000PARS,0,9,electrofishing,,1,Rainbow Trout,40,0.8,,,,,,,,
9,Tributary to Missinka River,125179_us_ef1,00000PARS,0,9,electrofishing,,1,Rainbow Trout,38,0.9,,,,,,,,
9,Tributary to Missinka River,125179_us_ef1,00000PARS,0,9,electrofishing,,1,Rainbow Trout,40,0.8,,,,,,,,
10,Tributary to Missinka River,125180_ds_ef2,00000PARS,0,10,electrofishing,,1,Rainbow Trout,132,31,,,,,,,,NA. Pit Tag ID: 3DD.003E192AE7. Row ID: 389.
10,Tributary to Missinka River,125180_ds_ef2,00000PARS,0,10,electrofishing,,1,Rainbow Trout,128,21.3,,,,,,,,NA. Pit Tag ID: 3DD.003E192AD0. Row ID: 390.
10,Tributary to Missinka River,125180_ds_ef2,00000PARS,0,10,electrofishing,,1,Rainbow Trout,96,8.7,,,,,,,,NA. Pit Tag ID: 3DD.003E192ADA. Row ID: 391.
10,Tributary to Missinka River,125180_ds_ef2,00000PARS,0,10,electrofishing,,1,Rainbow Trout,183,69.9,,,,,,,,NA. Pit Tag ID: 3DD.003E192AEC. Row ID: 392.
10,Tributary to Missinka River,125180_ds_ef2,00000PARS,0,10,electrofishing,,1,Rainbow Trout,81,5.7,,,,,,,,Purple gill deterioration. Pit Tag ID: 3DD.003E192AE1. Row ID: 393.
10,Tributary to Missinka River,125180_ds_ef2,00000PARS,0,10,electrofishing,,1,Rainbow Trout,89,6.6,,,,,,,,NA. Pit Tag ID: 3DD.003E192ADE. Row ID: 394.
10,Tributary to Missinka River,125180_ds_ef2,00000PARS,0,10,electrofishing,,1,Rainbow Trout,68,4.1,,,,,,,,NA. Pit Tag ID: 3DD.003E192AD9. Row ID: 395.
10,Tributary to Missinka River,125180_ds_ef2,00000PARS,0,10,electrofishing,,1,Rainbow Trout,68,3.2,,,,,,,,NA. Pit Tag ID: 3DD.003E192B1E. Row ID: 396.
10,Tributary to Missinka River,125180_ds_ef2,00000PARS,0,10,electrofishing,,1,Rainbow Trout,37,0.7,,,,,,,,
10,Tributary to Missinka River,125180_ds_ef2,00000PARS,0,10,electrofishing,,1,Rainbow Trout,84,5.2,,,,,,,,NA. Pit Tag ID: 3DD.003E192A54. Row ID: 397.
10,Tributary to Missinka River,125180_ds_ef2,00000PARS,0,10,electrofishing,,1,Rainbow Trout,83,5.2,,,,,,,,NA. Pit Tag ID: 3DD.003E192A3F. Row ID: 398.
10,Tributary to Missinka River,125180_ds_ef2,00000PARS,0,10,electrofishing,,1,Rainbow Trout,89,6.5,,,,,,,,NA. Pit Tag ID: 3DD.003E192A42. Row ID: 399.
10,Tributary to Missinka River,125180_ds_ef2,00000PARS,0,10,electrofishing,,1,Rainbow Trout,73,4.6,,,,,,,,NA. Pit Tag ID: 3DD.003E192A41. Row ID: 400.
10,Tributary to Missinka River,125180_ds_ef2,00000PARS,0,10,electrofishing,,1,Rainbow Trout,42,1,,,,,,,,
10,Tributary to Missinka River,125180_ds_ef2,00000PARS,0,10,electrofishing,,1,Rainbow Trout,76,4.8,,,,,,,,NA. Pit Tag ID: 3DD.003E192A51. Row ID: 401.
10,Tributary to Missinka River,125180_ds_ef2,00000PARS,0,10,electrofishing,,1,Rainbow Trout,81,4.9,,,,,,,,NA. Pit Tag ID: 3DD.003E192A58. Row ID: 402.
10,Tributary to Missinka River,125180_ds_ef2,00000PARS,0,10,electrofishing,,1,Rainbow Trout,75,4.2,,,,,,,,NA. Pit Tag ID: 3DD.003E192A4F. Row ID: 403.
10,Tributary to Missinka River,125180_ds_ef2,00000PARS,0,10,electrofishing,,1,Rainbow Trout,65,2.9,,,,,,,,NA. Pit Tag ID: 3DD.003E192A61. Row ID: 404.
10,Tributary to Missinka River,125180_ds_ef2,00000PARS,0,10,electrofishing,,1,Rainbow Trout,49,1.1,,,,,,,,
10,Tributary to Missinka River,125180_ds_ef2,00000PARS,0,10,electrofishing,,1,Rainbow Trout,54,1.4,,,,,,,,
10,Tributary to Missinka River,125180_ds_ef2,00000PARS,0,10,electrofishing,,1,Rainbow Trout,36,0.4,,,,,,,,
10,Tributary to Missinka River,125180_ds_ef2,00000PARS,0,10,electrofishing,,1,Rainbow Trout,38,0.6,,,,,,,,
10,Tributary to Missinka River,125180_ds_ef2,00000PARS,0,10,electrofishing,,1,Rainbow Trout,40,0.6,,,,,,,,
10,Tributary to Missinka River,125180_ds_ef2,00000PARS,0,10,electrofishing,,1,Rainbow Trout,38,0.5,,,,,,,,
10,Tributary to Missinka River,125180_ds_ef2,00000PARS,0,10,electrofishing,,1,Rainbow Trout,40,0.7,,,,,,,,
10,Tributary to Missinka River,125180_ds_ef2,00000PARS,0,10,visual observation above water,,1,Fish Unidentified Species,100,,,,,,,,,fork length estimated
10,Tributary to Missinka River,125180_ds_ef2,00000PARS,0,10,electrofishing,,1,Rainbow Trout,48,0.8,,,,,,,,"over counted fish while sampling, capture location uncertain"
10,Tributary to Missinka River,125180_ds_ef2,00000PARS,0,10,electrofishing,,1,Rainbow Trout,37,0.5,,,,,,,,"over counted fish while sampling, capture location uncertain"
10,Tributary to Missinka River,125180_ds_ef2,00000PARS,0,10,electrofishing,,1,Rainbow Trout,39,0.4,,,,,,,,"over counted fish while sampling, capture location uncertain"
11,Tributary to Table River,125231_ds_ef1,00000PARS,0,11,electrofishing,,1,Rainbow Trout,89,7.1,,,,,,,,NA. Pit Tag ID: 3DD.003E192A37. Row ID: 405.
11,Tributary to Table River,125231_ds_ef1,00000PARS,0,11,electrofishing,,1,Rainbow Trout,95,11.2,,,,,,,,NA. Pit Tag ID: 3DD.003E192A2D. Row ID: 406.
11,Tributary to Table River,125231_ds_ef1,00000PARS,0,11,visual observation above water,,1,Fish Unidentified Species,55,,,,,,,,,fork length estimated
11,Tributary to Table River,125231_ds_ef1,00000PARS,0,11,electrofishing,,1,Rainbow Trout,124,21.9,,,,,,,,NA. Pit Tag ID: 3DD.003E192A47. Row ID: 407.
11,Tributary to Table River,125231_ds_ef1,00000PARS,0,11,electrofishing,,1,Rainbow Trout,116,18.6,,,,,,,,NA. Pit Tag ID: 3DD.003E192A60. Row ID: 408.
11,Tributary to Table River,125231_ds_ef1,00000PARS,0,11,electrofishing,,1,Rainbow Trout,48,1.5,,,,,,,,
11,Tributary to Table River,125231_ds_ef1,00000PARS,0,11,electrofishing,,1,Rainbow Trout,50,1.3,,,,,,,,
11,Tributary to Table River,125231_ds_ef1,00000PARS,0,11,electrofishing,,1,Rainbow Trout,49,1,,,,,,,,
11,Tributary to Table River,125231_ds_ef1,00000PARS,0,11,electrofishing,,1,Rainbow Trout,49,1.4,,,,,,,,
11,Tributary to Table River,125231_ds_ef1,00000PARS,0,11,electrofishing,,1,Rainbow Trout,49,1.4,,,,,,,,
12,Tributary to Table River,125231_us_ef1,00000PARS,0,12,visual observation above water,,1,Fish Unidentified Species,50,,,,,,,,,fork length estimated
12,Tributary to Table River,125231_us_ef1,00000PARS,0,12,visual observation above water,,1,Fish Unidentified Species,100,,,,,,,,,fork length estimated
12,Tributary to Table River,125231_us_ef1,00000PARS,0,12,electrofishing,,1,Rainbow Trout,94,11.1,,,,,,,,NA. Pit Tag ID: 3DD.003E192A29. Row ID: 409.
12,Tributary to Table River,125231_us_ef1,00000PARS,0,12,electrofishing,,1,Rainbow Trout,110,14.8,,,,,,,,NA. Pit Tag ID: 3DD.003E192A40. Row ID: 410.
12,Tributary to Table River,125231_us_ef1,00000PARS,0,12,electrofishing,,1,Rainbow Trout,93,8.7,,,,,,,,NA. Pit Tag ID: 3DD.003E192A4D. Row ID: 411.
12,Tributary to Table River,125231_us_ef1,00000PARS,0,12,electrofishing,,1,Rainbow Trout,85,7.2,,,,,,,,NA. Pit Tag ID: 3DD.003E192A33. Row ID: 412.
12,Tributary to Table River,125231_us_ef1,00000PARS,0,12,electrofishing,,1,Rainbow Trout,123,19.8,,,,,,,,NA. Pit Tag ID: 3DD.003E192A5B. Row ID: 413.
12,Tributary to Table River,125231_us_ef1,00000PARS,0,12,electrofishing,,1,Rainbow Trout,105,12.2,,,,,,,,NA. Pit Tag ID: 3DD.003E192A36. Row ID: 414.
12,Tributary to Table River,125231_us_ef1,00000PARS,0,12,electrofishing,,1,Rainbow Trout,89,10,,,,,,,,NA. Pit Tag ID: 3DD.003E192A24. Row ID: 415.
12,Tributary to Table River,125231_us_ef1,00000PARS,0,12,visual observation above water,,1,Fish Unidentified Species,50,,,,,,,,,fork length estimated
12,Tributary to Table River,125231_us_ef1,00000PARS,0,12,electrofishing,,1,Rainbow Trout,114,16.3,,,,,,,,NA. Pit Tag ID: 3DD.003E192A4B. Row ID: 416.
12,Tributary to Table River,125231_us_ef1,00000PARS,0,12,electrofishing,,1,Rainbow Trout,96,9.7,,,,,,,,NA. Pit Tag ID: 3DD.003E192A1B. Row ID: 417.
12,Tributary to Table River,125231_us_ef1,00000PARS,0,12,electrofishing,,1,Rainbow Trout,47,1.1,,,,,,,,
12,Tributary to Table River,125231_us_ef1,00000PARS,0,12,electrofishing,,1,Fish Unidentified Species,50,1.5,,,,,,,,"over counted fish while sampling, capture location uncertain"
13,Tributary to Table River,125231_ds_ef2,00000PARS,0,13,electrofishing,,1,Rainbow Trout,86,6.7,,,,,,,,NA. Pit Tag ID: 3DD.003E192A38. Row ID: 418.
13,Tributary to Table River,125231_ds_ef2,00000PARS,0,13,electrofishing,,1,Rainbow Trout,91,11.7,,,,,,,,NA. Pit Tag ID: 3DD.003E192A5D. Row ID: 420.
13,Tributary to Table River,125231_ds_ef2,00000PARS,0,13,electrofishing,,1,Rainbow Trout,89,8.3,,,,,,,,NA. Pit Tag ID: 3DD.003E192A2C. Row ID: 419.
13,Tributary to Table River,125231_ds_ef2,00000PARS,0,13,electrofishing,,1,Rainbow Trout,104,13.1,,,,,,,,NA. Pit Tag ID: 3DD.003E192A64. Row ID: 421.
13,Tributary to Table River,125231_ds_ef2,00000PARS,0,13,electrofishing,,1,Rainbow Trout,97,8.8,,,,,,,,NA. Pit Tag ID: 3DD.003E192A39. Row ID: 422.
13,Tributary to Table River,125231_ds_ef2,00000PARS,0,13,electrofishing,,1,Rainbow Trout,90,7.5,,,,,,,,NA. Pit Tag ID: 3DD.003E192A63. Row ID: 423.
13,Tributary to Table River,125231_ds_ef2,00000PARS,0,13,electrofishing,,1,Rainbow Trout,49,1.2,,,,,,,,
13,Tributary to Table River,125231_ds_ef2,00000PARS,0,13,electrofishing,,1,Rainbow Trout,47,1.2,,,,,,,,
14,Fern Creek,125261_ds_ef1,00000PARS,0,14,electrofishing,,1,Sculpin (General),80,5.9,,,,,,,,
14,Fern Creek,125261_ds_ef1,00000PARS,0,14,electrofishing,,1,Sculpin (General),61,2.2,,,,,,,,
14,Fern Creek,125261_ds_ef1,00000PARS,0,14,electrofishing,,1,Sculpin (General),70,3.4,,,,,,,,
14,Fern Creek,125261_ds_ef1,00000PARS,0,14,electrofishing,,1,Sculpin (General),73,3.9,,,,,,,,
14,Fern Creek,125261_ds_ef1,00000PARS,0,14,electrofishing,,1,Sculpin (General),63,2.6,,,,,,,,
14,Fern Creek,125261_ds_ef1,00000PARS,0,14,electrofishing,,1,Sculpin (General),58,1.8,,,,,,,,
14,Fern Creek,125261_ds_ef1,00000PARS,0,14,electrofishing,,1,Sculpin (General),37,0.6,,,,,,,,
14,Fern Creek,125261_ds_ef1,00000PARS,0,14,visual observation above water,,1,Fish Unidentified Species,95,,,,,,,,,fork length estimated
14,Fern Creek,125261_ds_ef1,00000PARS,0,14,visual observation above water,,1,Fish Unidentified Species,50,,,,,,,,,fork length estimated
14,Fern Creek,125261_ds_ef1,00000PARS,0,14,electrofishing,,1,Sculpin (General),40,0.7,,,,,,,,
14,Fern Creek,125261_ds_ef1,00000PARS,0,14,electrofishing,,1,Sculpin (General),40,0.6,,,,,,,,
14,Fern Creek,125261_ds_ef1,00000PARS,0,14,electrofishing,,1,Rainbow Trout,43,0.4,,,,,,,,
14,Fern Creek,125261_ds_ef1,00000PARS,0,14,electrofishing,,1,Rainbow Trout,55,2,,,,,,,,
14,Fern Creek,125261_ds_ef1,00000PARS,0,14,electrofishing,,1,Rainbow Trout,126,20,,,,,,,,NA. Pit Tag ID: 3DD.003E192A2E. Row ID: 424.
14,Fern Creek,125261_ds_ef1,00000PARS,0,14,electrofishing,,1,Rainbow Trout,84,6,,,,,,,,NA. Pit Tag ID: 3DD.003E192A28. Row ID: 425.
14,Fern Creek,125261_ds_ef1,00000PARS,0,14,electrofishing,,1,Rainbow Trout,87,6.8,,,,,,,,NA. Pit Tag ID: 3DD.003E192A35. Row ID: 426.
14,Fern Creek,125261_ds_ef1,00000PARS,0,14,electrofishing,,1,Rainbow Trout,100,12.5,,,,,,,,NA. Pit Tag ID: 3DD.003E192A32. Row ID: 427.
14,Fern Creek,125261_ds_ef1,00000PARS,0,14,electrofishing,,1,Rainbow Trout,58,2.5,,,,,,,,
14,Fern Creek,125261_ds_ef1,00000PARS,0,14,electrofishing,,1,Rainbow Trout,63,2.3,,,,,,,,
14,Fern Creek,125261_ds_ef1,00000PARS,0,14,electrofishing,,1,Rainbow Trout,55,2.2,,,,,,,,
14,Fern Creek,125261_ds_ef1,00000PARS,0,14,electrofishing,,1,Rainbow Trout,59,2.3,,,,,,,,
14,Fern Creek,125261_ds_ef1,00000PARS,0,14,electrofishing,,1,Rainbow Trout,67,2.9,,,,,,,,NA. Pit Tag ID: 3DD.003E192A08. Row ID: 428.
14,Fern Creek,125261_ds_ef1,00000PARS,0,14,electrofishing,,1,Rainbow Trout,63,2.9,,,,,,,,NA. Pit Tag ID: 3DD.003E192A25. Row ID: 429.
14,Fern Creek,125261_ds_ef1,00000PARS,0,14,electrofishing,,1,Rainbow Trout,97,9.4,,,,,,,,NA. Pit Tag ID: 3DD.003E192A55. Row ID: 430.
15,Fern Creek,125261_ds_ef2,00000PARS,0,15,electrofishing,,1,Rainbow Trout,143,33.2,,,,,,,,NA. Pit Tag ID: 3DD.003E192A0E. Row ID: 431.
15,Fern Creek,125261_ds_ef2,00000PARS,0,15,electrofishing,,1,Rainbow Trout,125,18.9,,,,,,,,NA. Pit Tag ID: 3DD.003E192A48. Row ID: 432.
15,Fern Creek,125261_ds_ef2,00000PARS,0,15,electrofishing,,1,Rainbow Trout,113,15.1,,,,,,,,NA. Pit Tag ID: 3DD.003E192A0C. Row ID: 433.
15,Fern Creek,125261_ds_ef2,00000PARS,0,15,electrofishing,,1,Rainbow Trout,148,32.4,,,,,,,,NA. Pit Tag ID: 3DD.003E192A62. Row ID: 434.
15,Fern Creek,125261_ds_ef2,00000PARS,0,15,electrofishing,,1,Rainbow Trout,108,12.8,,,,,,,,NA. Pit Tag ID: 3DD.003E192A12. Row ID: 435.
15,Fern Creek,125261_ds_ef2,00000PARS,0,15,electrofishing,,1,Rainbow Trout,65,2.7,,,,,,,,NA. Pit Tag ID: 3DD.003E192A05. Row ID: 436.
15,Fern Creek,125261_ds_ef2,00000PARS,0,15,electrofishing,,1,Rainbow Trout,68,3.7,,,,,,,,NA. Pit Tag ID: 3DD.003E192A3E. Row ID: 437.
15,Fern Creek,125261_ds_ef2,00000PARS,0,15,electrofishing,,1,Rainbow Trout,66,3.1,,,,,,,,NA. Pit Tag ID: 3DD.003E192A1A. Row ID: 438.
15,Fern Creek,125261_ds_ef2,00000PARS,0,15,electrofishing,,1,Rainbow Trout,66,2.9,,,,,,,,NA. Pit Tag ID: 3DD.003E192A16. Row ID: 439.
15,Fern Creek,125261_ds_ef2,00000PARS,0,15,electrofishing,,1,Sculpin (General),67,2.9,,,,,,,,
15,Fern Creek,125261_ds_ef2,00000PARS,0,15,electrofishing,,1,Sculpin (General),44,0.9,,,,,,,,
15,Fern Creek,125261_ds_ef2,00000PARS,0,15,electrofishing,,1,Sculpin (General),40,0.7,,,,,,,,
15,Fern Creek,125261_ds_ef2,00000PARS,0,15,electrofishing,,1,Sculpin (General),34,0.4,,,,,,,,
15,Fern Creek,125261_ds_ef2,00000PARS,0,15,electrofishing,,1,Rainbow Trout,165,46.7,,,,,,,,NA. Pit Tag ID: 3DD.003E192A02. Row ID: 440.
16,Fern Creek,125261_us_ef1,00000PARS,0,16,electrofishing,,1,Rainbow Trout,132,23.5,,,,,,,,NA. Pit Tag ID: 3DD.003E192A1F. Row ID: 441.
16,Fern Creek,125261_us_ef1,00000PARS,0,16,visual observation above water,,1,Fish Unidentified Species,65,,,,,,,,,fork length estimated
16,Fern Creek,125261_us_ef1,00000PARS,0,16,visual observation above water,,1,Fish Unidentified Species,90,,,,,,,,,fork length estimated
16,Fern Creek,125261_us_ef1,00000PARS,0,16,visual observation above water,,1,Fish Unidentified Species,90,,,,,,,,,fork length estimated
16,Fern Creek,125261_us_ef1,00000PARS,0,16,electrofishing,,1,Rainbow Trout,98,10.3,,,,,,,,NA. Pit Tag ID: 3DD.003E192A2B. Row ID: 442.
16,Fern Creek,125261_us_ef1,00000PARS,0,16,electrofishing,,1,Rainbow Trout,111,15.3,,,,,,,,NA. Pit Tag ID: 3DD.003E192A04. Row ID: 443.
16,Fern Creek,125261_us_ef1,00000PARS,0,16,electrofishing,,1,Rainbow Trout,88,7.1,,,,,,,,NA. Pit Tag ID: 3DD.003E192A20. Row ID: 444.
16,Fern Creek,125261_us_ef1,00000PARS,0,16,electrofishing,,1,Rainbow Trout,114,15.3,,,,,,,,NA. Pit Tag ID: 3DD.003E192A13. Row ID: 445.
16,Fern Creek,125261_us_ef1,00000PARS,0,16,electrofishing,,1,Rainbow Trout,89,7.1,,,,,,,,NA. Pit Tag ID: 3DD.003E192A0A. Row ID: 446.
16,Fern Creek,125261_us_ef1,00000PARS,0,16,electrofishing,,1,Rainbow Trout,95,8.5,,,,,,,,NA. Pit Tag ID: 3DD.003E192A27. Row ID: 447.
16,Fern Creek,125261_us_ef1,00000PARS,0,16,electrofishing,,1,Rainbow Trout,83,5.5,,,,,,,,NA. Pit Tag ID: 3DD.003E192A3B. Row ID: 448.
16,Fern Creek,125261_us_ef1,00000PARS,0,16,electrofishing,,1,Rainbow Trout,76,4.4,,,,,,,,NA. Pit Tag ID: 3DD.003E192A31. Row ID: 449.
16,Fern Creek,125261_us_ef1,00000PARS,0,16,electrofishing,,1,Rainbow Trout,47,1.1,,,,,,,,
16,Fern Creek,125261_us_ef1,00000PARS,0,16,electrofishing,,1,Rainbow Trout,62,2.6,,,,,,,,
16,Fern Creek,125261_us_ef1,00000PARS,0,16,electrofishing,,1,Rainbow Trout,56,2.2,,,,,,,,
16,Fern Creek,125261_us_ef1,00000PARS,0,16,electrofishing,,1,Rainbow Trout,60,2.3,,,,,,,,
16,Fern Creek,125261_us_ef1,00000PARS,0,16,electrofishing,,1,Sculpin (General),73,4.3,,,,,,,,
16,Fern Creek,125261_us_ef1,00000PARS,0,16,electrofishing,,1,Rainbow Trout,153,42.1,,,,,,,,NA. Pit Tag ID: 3DD.003E192A44. Row ID: 450.
16,Fern Creek,125261_us_ef1,00000PARS,0,16,electrofishing,,1,Rainbow Trout,53,1.4,,,,,,,,
16,Fern Creek,125261_us_ef1,00000PARS,0,16,electrofishing,,1,Rainbow Trout,58,2,,,,,,,,
17,Fern Creek,125261_us_ef2,00000PARS,0,17,electrofishing,,1,Rainbow Trout,95,8.8,,,,,,,,NA. Pit Tag ID: 3DD.003E192A18. Row ID: 451.
17,Fern Creek,125261_us_ef2,00000PARS,0,17,electrofishing,,1,Rainbow Trout,171,14.3,,,,,,,,NA. Pit Tag ID: 3DD.003E192A15. Row ID: 452.
17,Fern Creek,125261_us_ef2,00000PARS,0,17,electrofishing,,1,Rainbow Trout,112,13.7,,,,,,,,NA. Pit Tag ID: 3DD.003E192A07. Row ID: 456.
17,Fern Creek,125261_us_ef2,00000PARS,0,17,visual observation above water,,1,Fish Unidentified Species,65,,,,,,,,,fork length estimated
17,Fern Creek,125261_us_ef2,00000PARS,0,17,visual observation above water,,1,Fish Unidentified Species,55,,,,,,,,,fork length estimated
17,Fern Creek,125261_us_ef2,00000PARS,0,17,electrofishing,,1,Rainbow Trout,84,6.7,,,,,,,,NA. Pit Tag ID: 3DD.003E192A22. Row ID: 453.
17,Fern Creek,125261_us_ef2,00000PARS,0,17,electrofishing,,1,Rainbow Trout,113,13.9,,,,,,,,NA. Pit Tag ID: 3DD.003E192A14. Row ID: 455.
17,Fern Creek,125261_us_ef2,00000PARS,0,17,electrofishing,,1,Rainbow Trout,91,7.4,,,,,,,,NA. Pit Tag ID: 3DD.003E192A0F. Row ID: 454.
17,Fern Creek,125261_us_ef2,00000PARS,0,17,electrofishing,,1,Rainbow Trout,78,5,,,,,,,,NA. Pit Tag ID: 3DD.003E192A2F. Row ID: 457.
17,Fern Creek,125261_us_ef2,00000PARS,0,17,electrofishing,,1,Rainbow Trout,108,12.7,,,,,,,,NA. Pit Tag ID: 3DD.003E192A4A. Row ID: 458.
17,Fern Creek,125261_us_ef2,00000PARS,0,17,electrofishing,,1,Rainbow Trout,78,4.6,,,,,,,,NA. Pit Tag ID: 3DD.003E192A5E. Row ID: 459.
17,Fern Creek,125261_us_ef2,00000PARS,0,17,electrofishing,,1,Rainbow Trout,119,17.9,,,,,,,,NA. Pit Tag ID: 3DD.003E192A0D. Row ID: 460.
17,Fern Creek,125261_us_ef2,00000PARS,0,17,electrofishing,,1,Rainbow Trout,55,1.6,,,,,,,,
17,Fern Creek,125261_us_ef2,00000PARS,0,17,visual observation above water,,1,Fish Unidentified Species,60,,,,,,,,,fork length estimated
17,Fern Creek,125261_us_ef2,00000PARS,0,17,electrofishing,,1,Rainbow Trout,118,15.9,,,,,,,,NA. Pit Tag ID: 3DD.003E192A30. Row ID: 461.
17,Fern Creek,125261_us_ef2,00000PARS,0,17,electrofishing,,1,Rainbow Trout,141,28.6,,,,,,,,NA. Pit Tag ID: 3DD.003E192A5A. Row ID: 463.
17,Fern Creek,125261_us_ef2,00000PARS,0,17,electrofishing,,1,Rainbow Trout,92,6.6,,,,,,,,NA. Pit Tag ID: 3DD.003E192A23. Row ID: 462.
17,Fern Creek,125261_us_ef2,00000PARS,0,17,electrofishing,,1,Rainbow Trout,103,10.4,,,,,,,,NA. Pit Tag ID: 3DD.003E192A01. Row ID: 464.
17,Fern Creek,125261_us_ef2,00000PARS,0,17,electrofishing,,1,Rainbow Trout,97,7.8,,,,,,,,NA. Pit Tag ID: 3DD.003E192A0B. Row ID: 465.
17,Fern Creek,125261_us_ef2,00000PARS,0,17,electrofishing,,1,Rainbow Trout,81,5.2,,,,,,,,NA. Pit Tag ID: 3DD.003E192A19. Row ID: 466.
17,Fern Creek,125261_us_ef2,00000PARS,0,17,electrofishing,,1,Rainbow Trout,47,1.1,,,,,,,,
17,Fern Creek,125261_us_ef2,00000PARS,0,17,electrofishing,,1,Rainbow Trout,44,0.8,,,,,,,,
17,Fern Creek,125261_us_ef2,00000PARS,0,17,electrofishing,,1,Rainbow Trout,53,1.3,,,,,,,,mort
17,Fern Creek,125261_us_ef2,00000PARS,0,17,electrofishing,,1,Rainbow Trout,57,2.3,,,,,,,,
17,Fern Creek,125261_us_ef2,00000PARS,0,17,electrofishing,,1,Sculpin (General),61,2.5,,,,,,,,
17,Fern Creek,125261_us_ef2,00000PARS,0,17,electrofishing,,1,Sculpin (General),58,2.1,,,,,,,,
17,Fern Creek,125261_us_ef2,00000PARS,0,17,electrofishing,,1,Sculpin (General),30,0.4,,,,,,,,
18,Tributary to Kerry Lake,198692_ds_ef1,00000CRKD,0,18,electrofishing,,1,Rainbow Trout,47,1.2,,,,,,,,
18,Tributary to Kerry Lake,198692_ds_ef1,00000CRKD,0,18,electrofishing,,1,Rainbow Trout,45,0.9,,,,,,,,
18,Tributary to Kerry Lake,198692_ds_ef1,00000CRKD,0,18,electrofishing,,1,Rainbow Trout,43,0.9,,,,,,,,
18,Tributary to Kerry Lake,198692_ds_ef1,00000CRKD,0,18,electrofishing,,1,Rainbow Trout,47,1.1,,,,,,,,
18,Tributary to Kerry Lake,198692_ds_ef1,00000CRKD,0,18,electrofishing,,1,Rainbow Trout,46,1.1,,,,,,,,
18,Tributary to Kerry Lake,198692_ds_ef1,00000CRKD,0,18,electrofishing,,1,Rainbow Trout,52,1.7,,,,,,,,
18,Tributary to Kerry Lake,198692_ds_ef1,00000CRKD,0,18,electrofishing,,1,Rainbow Trout,49,1.3,,,,,,,,
18,Tributary to Kerry Lake,198692_ds_ef1,00000CRKD,0,18,electrofishing,,1,Rainbow Trout,48,1,,,,,,,,
18,Tributary to Kerry Lake,198692_ds_ef1,00000CRKD,0,18,electrofishing,,1,Rainbow Trout,46,1,,,,,,,,
18,Tributary to Kerry Lake,198692_ds_ef1,00000CRKD,0,18,electrofishing,,1,Rainbow Trout,43,0.7,,,,,,,,
18,Tributary to Kerry Lake,198692_ds_ef1,00000CRKD,0,18,electrofishing,,1,Rainbow Trout,46,1.1,,,,,,,,
18,Tributary to Kerry Lake,198692_ds_ef1,00000CRKD,0,18,electrofishing,,1,Rainbow Trout,48,1.3,,,,,,,,
18,Tributary to Kerry Lake,198692_ds_ef1,00000CRKD,0,18,electrofishing,,1,Rainbow Trout,44,1.1,,,,,,,,
18,Tributary to Kerry Lake,198692_ds_ef1,00000CRKD,0,18,electrofishing,,1,Rainbow Trout,43,0.8,,,,,,,,
18,Tributary to Kerry Lake,198692_ds_ef1,00000CRKD,0,18,electrofishing,,1,Rainbow Trout,43,0.6,,,,,,,,
18,Tributary to Kerry Lake,198692_ds_ef1,00000CRKD,0,18,electrofishing,,1,Rainbow Trout,41,0.8,,,,,,,,
18,Tributary to Kerry Lake,198692_ds_ef1,00000CRKD,0,18,electrofishing,,1,Rainbow Trout,46,1.1,,,,,,,,
18,Tributary to Kerry Lake,198692_ds_ef1,00000CRKD,0,18,electrofishing,,1,Rainbow Trout,44,1.1,,,,,,,,
18,Tributary to Kerry Lake,198692_ds_ef1,00000CRKD,0,18,electrofishing,,1,Rainbow Trout,47,1.3,,,,,,,,
18,Tributary to Kerry Lake,198692_ds_ef1,00000CRKD,0,18,electrofishing,,1,Rainbow Trout,48,1.3,,,,,,,,
18,Tributary to Kerry Lake,198692_ds_ef1,00000CRKD,0,18,electrofishing,,1,Rainbow Trout,50,1.8,,,,,,,,
18,Tributary to Kerry Lake,198692_ds_ef1,00000CRKD,0,18,electrofishing,,1,Rainbow Trout,45,0.8,,,,,,,,
18,Tributary to Kerry Lake,198692_ds_ef1,00000CRKD,0,18,electrofishing,,1,Rainbow Trout,41,0.9,,,,,,,,
18,Tributary to Kerry Lake,198692_ds_ef1,00000CRKD,0,18,electrofishing,,1,Rainbow Trout,49,1.3,,,,,,,,
18,Tributary to Kerry Lake,198692_ds_ef1,00000CRKD,0,18,electrofishing,,1,Rainbow Trout,42,1,,,,,,,,
18,Tributary to Kerry Lake,198692_ds_ef1,00000CRKD,0,18,electrofishing,,1,Rainbow Trout,45,1,,,,,,,,
18,Tributary to Kerry Lake,198692_ds_ef1,00000CRKD,0,18,electrofishing,,1,Rainbow Trout,44,1,,,,,,,,
18,Tributary to Kerry Lake,198692_ds_ef1,00000CRKD,0,18,electrofishing,,1,Rainbow Trout,43,0.9,,,,,,,,
18,Tributary to Kerry Lake,198692_ds_ef1,00000CRKD,0,18,electrofishing,,1,Rainbow Trout,42,0.9,,,,,,,,
18,Tributary to Kerry Lake,198692_ds_ef1,00000CRKD,0,18,electrofishing,,1,Rainbow Trout,48,1.3,,,,,,,,
18,Tributary to Kerry Lake,198692_ds_ef1,00000CRKD,0,18,electrofishing,,1,Rainbow Trout,30,0.3,,,,,,,,
18,Tributary to Kerry Lake,198692_ds_ef1,00000CRKD,0,18,electrofishing,,1,Rainbow Trout,37,0.8,,,,,,,,
18,Tributary to Kerry Lake,198692_ds_ef1,00000CRKD,0,18,electrofishing,,1,Rainbow Trout,39,1.1,,,,,,,,
18,Tributary to Kerry Lake,198692_ds_ef1,00000CRKD,0,18,electrofishing,,1,Rainbow Trout,39,0.8,,,,,,,,
18,Tributary to Kerry Lake,198692_ds_ef1,00000CRKD,0,18,electrofishing,,1,Rainbow Trout,43,0.8,,,,,,,,
18,Tributary to Kerry Lake,198692_ds_ef1,00000CRKD,0,18,visual observation above water,,1,Fish Unidentified Species,40,,,,,,,,,fork length estimated
18,Tributary to Kerry Lake,198692_ds_ef1,00000CRKD,0,18,electrofishing,,1,Rainbow Trout,51,1.8,,,,,,,,mort
19,Tributary to Kerry Lake,198692_ds_ef2,00000CRKD,0,19,electrofishing,,1,Rainbow Trout,110,13.2,,,,,,,,NA. Pit Tag ID: 3DD.003E192A56. Row ID: 467.
19,Tributary to Kerry Lake,198692_ds_ef2,00000CRKD,0,19,electrofishing,,1,Rainbow Trout,89,5.7,,,,,,,,NA. Pit Tag ID: 3DD.003E192A50. Row ID: 468.
19,Tributary to Kerry Lake,198692_ds_ef2,00000CRKD,0,19,electrofishing,,1,Rainbow Trout,82,4.9,,,,,,,,NA. Pit Tag ID: 3DD.003E192A45. Row ID: 469.
19,Tributary to Kerry Lake,198692_ds_ef2,00000CRKD,0,19,electrofishing,,1,Rainbow Trout,75,4.5,,,,,,,,NA. Pit Tag ID: 3DD.003E192A17. Row ID: 470.
19,Tributary to Kerry Lake,198692_ds_ef2,00000CRKD,0,19,electrofishing,,1,Rainbow Trout,94,7.2,,,,,,,,NA. Pit Tag ID: 3DD.003E192A10. Row ID: 471.
19,Tributary to Kerry Lake,198692_ds_ef2,00000CRKD,0,19,electrofishing,,1,Rainbow Trout,51,1.3,,,,,,,,
19,Tributary to Kerry Lake,198692_ds_ef2,00000CRKD,0,19,electrofishing,,1,Rainbow Trout,100,9.1,,,,,,,,NA. Pit Tag ID: 3DD.003E192A03. Row ID: 472.
19,Tributary to Kerry Lake,198692_ds_ef2,00000CRKD,0,19,electrofishing,,1,Rainbow Trout,105,11.2,,,,,,,,NA. Pit Tag ID: 3DD.003E192A53. Row ID: 473.
19,Tributary to Kerry Lake,198692_ds_ef2,00000CRKD,0,19,electrofishing,,1,Rainbow Trout,90,6.7,,,,,,,,NA. Pit Tag ID: 3DD.003E192A11. Row ID: 474.
19,Tributary to Kerry Lake,198692_ds_ef2,00000CRKD,0,19,electrofishing,,1,Rainbow Trout,83,5.3,,,,,,,,NA. Pit Tag ID: 3DD.003E192A26. Row ID: 475.
19,Tributary to Kerry Lake,198692_ds_ef2,00000CRKD,0,19,electrofishing,,1,Rainbow Trout,85,5.5,,,,,,,,NA. Pit Tag ID: 3DD.003E192A3D. Row ID: 476.
19,Tributary to Kerry Lake,198692_ds_ef2,00000CRKD,0,19,electrofishing,,1,Rainbow Trout,134,20.8,,,,,,,,NA. Pit Tag ID: 3DD.003E192A52. Row ID: 477.
19,Tributary to Kerry Lake,198692_ds_ef2,00000CRKD,0,19,electrofishing,,1,Rainbow Trout,77,5,,,,,,,,NA. Pit Tag ID: 3DD.003E192A4C. Row ID: 478.
19,Tributary to Kerry Lake,198692_ds_ef2,00000CRKD,0,19,electrofishing,,1,Rainbow Trout,128,22.7,,,,,,,,NA. Pit Tag ID: 3DD.003E192A5F. Row ID: 479.
19,Tributary to Kerry Lake,198692_ds_ef2,00000CRKD,0,19,electrofishing,,1,Rainbow Trout,96,9.8,,,,,,,,NA. Pit Tag ID: 3DD.003E192A57. Row ID: 480.
19,Tributary to Kerry Lake,198692_ds_ef2,00000CRKD,0,19,electrofishing,,1,Rainbow Trout,118,14.4,,,,,,,,NA. Pit Tag ID: 3DD.003E192A09. Row ID: 481.
19,Tributary to Kerry Lake,198692_ds_ef2,00000CRKD,0,19,electrofishing,,1,Rainbow Trout,91,7,,,,,,,,NA. Pit Tag ID: 3DD.003E192A3C. Row ID: 482.
19,Tributary to Kerry Lake,198692_ds_ef2,00000CRKD,0,19,electrofishing,,1,Rainbow Trout,81,5.6,,,,,,,,NA. Pit Tag ID: 3DD.003E192A34. Row ID: 483.
19,Tributary to Kerry Lake,198692_ds_ef2,00000CRKD,0,19,electrofishing,,1,Rainbow Trout,78,4.5,,,,,,,,NA. Pit Tag ID: 3DD.003E192A3A. Row ID: 484.
19,Tributary to Kerry Lake,198692_ds_ef2,00000CRKD,0,19,electrofishing,,1,Rainbow Trout,117,16,,,,,,,,NA. Pit Tag ID: 3DD.003E192A4E. Row ID: 485.
19,Tributary to Kerry Lake,198692_ds_ef2,00000CRKD,0,19,electrofishing,,1,Rainbow Trout,121,20.1,,,,,,,,NA. Pit Tag ID: 3DD.003E192A21. Row ID: 486.
19,Tributary to Kerry Lake,198692_ds_ef2,00000CRKD,0,19,electrofishing,,1,Rainbow Trout,82,5.4,,,,,,,,NA. Pit Tag ID: 3DD.003E192A43. Row ID: 488.
19,Tributary to Kerry Lake,198692_ds_ef2,00000CRKD,0,19,electrofishing,,1,Rainbow Trout,110,13.8,,,,,,,,NA. Pit Tag ID: 3DD.003E192A59. Row ID: 489.
19,Tributary to Kerry Lake,198692_ds_ef2,00000CRKD,0,19,electrofishing,,1,Rainbow Trout,90,6.9,,,,,,,,NA. Pit Tag ID: 3DD.003E192A1D. Row ID: 490.
19,Tributary to Kerry Lake,198692_ds_ef2,00000CRKD,0,19,electrofishing,,1,Rainbow Trout,88,5.4,,,,,,,,NA. Pit Tag ID: 3DD.003E192A2A. Row ID: 491.
19,Tributary to Kerry Lake,198692_ds_ef2,00000CRKD,0,19,electrofishing,,1,Rainbow Trout,141,31.4,,,,,,,,NA. Pit Tag ID: 3DD.003E192A1C. Row ID: 492.
19,Tributary to Kerry Lake,198692_ds_ef2,00000CRKD,0,19,electrofishing,,1,Rainbow Trout,87,5.9,,,,,,,,NA. Pit Tag ID: 3DD.003E192A06. Row ID: 493.
19,Tributary to Kerry Lake,198692_ds_ef2,00000CRKD,0,19,electrofishing,,1,Rainbow Trout,93,7.3,,,,,,,,NA. Pit Tag ID: 3DD.003E192ABC. Row ID: 494.
19,Tributary to Kerry Lake,198692_ds_ef2,00000CRKD,0,19,electrofishing,,1,Rainbow Trout,83,5.9,,,,,,,,NA. Pit Tag ID: 3DD.003E192AA7. Row ID: 495.
19,Tributary to Kerry Lake,198692_ds_ef2,00000CRKD,0,19,electrofishing,,1,Rainbow Trout,89,6.4,,,,,,,,NA. Pit Tag ID: 3DD.003E192AAC. Row ID: 496.
19,Tributary to Kerry Lake,198692_ds_ef2,00000CRKD,0,19,electrofishing,,1,Rainbow Trout,88,7.3,,,,,,,,NA. Pit Tag ID: 3DD.003E192AC8. Row ID: 497.
19,Tributary to Kerry Lake,198692_ds_ef2,00000CRKD,0,19,electrofishing,,1,Rainbow Trout,81,5.5,,,,,,,,NA. Pit Tag ID: 3DD.003E192AB9. Row ID: 498.
19,Tributary to Kerry Lake,198692_ds_ef2,00000CRKD,0,19,electrofishing,,1,Rainbow Trout,85,5.3,,,,,,,,NA. Pit Tag ID: 3DD.003E192AC6. Row ID: 499.
19,Tributary to Kerry Lake,198692_ds_ef2,00000CRKD,0,19,electrofishing,,1,Rainbow Trout,80,4.9,,,,,,,,NA. Pit Tag ID: 3DD.003E192ABD. Row ID: 500.
20,Tributary to Kerry Lake,198692_us_ef1,00000CRKD,0,20,electrofishing,,1,Fish Unidentified Species,40,,,,,,,,,fork length estimated
20,Tributary to Kerry Lake,198692_us_ef1,00000CRKD,0,20,visual observation above water,,1,Rainbow Trout,44,0.9,,,,,,,,
20,Tributary to Kerry Lake,198692_us_ef1,00000CRKD,0,20,electrofishing,,1,Rainbow Trout,49,1,,,,,,,,
20,Tributary to Kerry Lake,198692_us_ef1,00000CRKD,0,20,electrofishing,,1,Rainbow Trout,56,1.7,,,,,,,,
20,Tributary to Kerry Lake,198692_us_ef1,00000CRKD,0,20,electrofishing,,1,Rainbow Trout,43,1,,,,,,,,
20,Tributary to Kerry Lake,198692_us_ef1,00000CRKD,0,20,electrofishing,,1,Rainbow Trout,47,1,,,,,,,,mort
20,Tributary to Kerry Lake,198692_us_ef1,00000CRKD,0,20,electrofishing,,1,Rainbow Trout,47,0.8,,,,,,,,
20,Tributary to Kerry Lake,198692_us_ef1,00000CRKD,0,20,electrofishing,,1,Rainbow Trout,48,1.3,,,,,,,,
20,Tributary to Kerry Lake,198692_us_ef1,00000CRKD,0,20,electrofishing,,1,Rainbow Trout,50,1.3,,,,,,,,
20,Tributary to Kerry Lake,198692_us_ef1,00000CRKD,0,20,electrofishing,,1,Rainbow Trout,48,1.1,,,,,,,,
20,Tributary to Kerry Lake,198692_us_ef1,00000CRKD,0,20,electrofishing,,1,Rainbow Trout,46,0.8,,,,,,,,
20,Tributary to Kerry Lake,198692_us_ef1,00000CRKD,0,20,electrofishing,,1,Rainbow Trout,85,5.5,,,,,,,,NA. Pit Tag ID: 3DD.003E192AA1. Row ID: 501.
20,Tributary to Kerry Lake,198692_us_ef1,00000CRKD,0,20,electrofishing,,1,Rainbow Trout,87,5.9,,,,,,,,NA. Pit Tag ID: 3DD.003E192AC7. Row ID: 502.
20,Tributary to Kerry Lake,198692_us_ef1,00000CRKD,0,20,electrofishing,,1,Rainbow Trout,100,10.5,,,,,,,,NA. Pit Tag ID: 3DD.003E192AC5. Row ID: 503.
20,Tributary to Kerry Lake,198692_us_ef1,00000CRKD,0,20,electrofishing,,1,Rainbow Trout,75,4.8,,,,,,,,NA. Pit Tag ID: 3DD.003E192AC3. Row ID: 504.
20,Tributary to Kerry Lake,198692_us_ef1,00000CRKD,0,20,electrofishing,,1,Rainbow Trout,85,6.9,,,,,,,,NA. Pit Tag ID: 3DD.003E192ABF. Row ID: 505.
20,Tributary to Kerry Lake,198692_us_ef1,00000CRKD,0,20,electrofishing,,1,Rainbow Trout,85,7.8,,,,,,,,NA. Pit Tag ID: 3DD.003E192AB2. Row ID: 506.
20,Tributary to Kerry Lake,198692_us_ef1,00000CRKD,0,20,electrofishing,,1,Rainbow Trout,91,7.8,,,,,,,,NA. Pit Tag ID: 3DD.003E192ABA. Row ID: 507.
20,Tributary to Kerry Lake,198692_us_ef1,00000CRKD,0,20,electrofishing,,1,Rainbow Trout,98,10.7,,,,,,,,NA. Pit Tag ID: 3DD.003E192AC0. Row ID: 508.
20,Tributary to Kerry Lake,198692_us_ef1,00000CRKD,0,20,visual observation above water,,1,Fish Unidentified Species,50,,,,,,,,,fork length estimated
20,Tributary to Kerry Lake,198692_us_ef1,00000CRKD,0,20,electrofishing,,1,Rainbow Trout,80,5,,,,,,,,NA. Pit Tag ID: 3DD.003E192AC1. Row ID: 509.
20,Tributary to Kerry Lake,198692_us_ef1,00000CRKD,0,20,electrofishing,,1,Rainbow Trout,88,6.6,,,,,,,,NA. Pit Tag ID: 3DD.003E192AC4. Row ID: 510.
